Filename,Original File Size (bytes),Compressed File Size (bytes),Compression Ratio,% of Original,Time Elapsed (seconds),Effort
0863.png,9180000,3248764,2.825690016264647,0.3538958605664488,0.6218552589416504,1
0863.png,9180000,2980616,3.0799002622276737,0.32468583877995644,0.031009197235107422,2
0863.png,9180000,2613674,3.5122972490065707,0.28471394335511985,0.06721663475036621,3
0863.png,9180000,2533454,3.6235116169466663,0.27597538126361654,2.8125436305999756,4
0863.png,9180000,2693060,3.408761780279682,0.2933616557734205,1.2849044799804688,5
0863.png,9180000,2683005,3.4215366724996787,0.292266339869281,4.5299530029296875e-06,6
0863.png,9180000,2665507,3.4439977085034856,0.2903602396514161,2.2457797527313232,7
0863.png,9180000,2634247,3.484866832912783,0.2869550108932462,7.344608783721924,8
0863.png,9180000,2577518,3.561565816417189,0.28077538126361656,37.925904989242554,9
0855.png,12484800,5432990,2.2979611595088523,0.43516836473151355,1.1322083473205566,1
0855.png,12484800,4786847,2.608146865776157,0.38341399141355886,5.7220458984375e-06,2
0855.png,12484800,4293621,2.9077554819114217,0.3439078719723183,0.3573637008666992,3
0855.png,12484800,4173007,2.9917994386302253,0.3342470043572985,4.272270917892456,4
0855.png,12484800,4192006,2.9782400120610513,0.3357687748301935,0.057456016540527344,5
0855.png,12484800,4181734,2.9855557527092826,0.3349460143534538,0.3068859577178955,6
0855.png,12484800,4154419,3.0051855626502766,0.33275815391516084,3.6537280082702637,7
0855.png,12484800,4146428,3.0109771591355257,0.33211809560425476,9.1984281539917,8
0855.png,12484800,4102955,3.0428800705832746,0.32863602140202486,53.05995988845825,9
0868.png,8298720,1470640,5.642930968829897,0.17721287138257466,0.4098653793334961,1
0868.png,8298720,1077064,7.704946038489821,0.12978676229587213,0.010616064071655273,2
0868.png,8298720,892646,9.296764898963307,0.10756429907262807,0.11330914497375488,3
0868.png,8298720,815560,10.175486782088381,0.09827539668768195,1.3628897666931152,4
0868.png,8298720,818031,10.144750015586206,0.09857315345017063,0.4354572296142578,5
0868.png,8298720,814847,10.184390443850194,0.09818947982339445,0.07699203491210938,6
0868.png,8298720,802963,10.335121294505475,0.09675745175159543,0.5398926734924316,7
0868.png,8298720,792506,10.471491698485563,0.09549737790888234,3.236630439758301,8
0868.png,8298720,782020,10.61190250888724,0.0942338095513525,17.105151176452637,9
0893.png,8298720,3583536,2.315790883641186,0.43181791890797616,0.5461950302124023,1
0893.png,8298720,3205487,2.588910826966386,0.3862628212543621,0.09686660766601562,2
0893.png,8298720,2945122,2.817784798049113,0.35488870572811226,0.18090558052062988,3
0893.png,8298720,2858777,2.902891691097277,0.34448408911253786,3.164210557937622,4
0893.png,8298720,2831410,2.9309495975503372,0.3411863516301309,0.010666131973266602,5
0893.png,8298720,2829066,2.9333780123899547,0.34090389843252933,0.11943840980529785,6
0893.png,8298720,2809966,2.953316872873195,0.338602338673916,2.453256607055664,7
0893.png,8298720,2802278,2.961419245342539,0.3376759307459464,6.384003639221191,8
0893.png,8298720,2771439,2.994372237671477,0.3339598154896177,32.144139528274536,9
0849.png,8298720,4642663,1.7874913600233315,0.5594432635394374,0.45532774925231934,1
0849.png,8298720,4436115,1.8707179592954646,0.5345541240094858,0.08244156837463379,2
0849.png,8298720,3911144,2.1218139756552046,0.4712948502901652,0.0563967227935791,3
0849.png,8298720,3870424,2.144137179802523,0.4663880694854146,5.1725852489471436,4
0849.png,8298720,3840223,2.160999504455861,0.46274883355505425,0.6283271312713623,5
0849.png,8298720,3837854,2.1623334290465452,0.4624633678446797,0.29067325592041016,6
0849.png,8298720,3815864,2.1747944895310733,0.4598135616095012,2.411635398864746,7
0849.png,8298720,3800089,2.1838225367879542,0.45791266604970404,7.15130615234375,8
0849.png,8298720,3782905,2.1937426395851864,0.45584198527001757,62.52579617500305,9
0823.png,7858080,3560128,2.2072464810254013,0.4530531631136359,0.40706586837768555,1
0823.png,7858080,3330105,2.3597093785331094,0.4237809999389164,0.037795305252075195,2
0823.png,7858080,2943563,2.6695810485455893,0.3745906124651314,0.08255767822265625,3
0823.png,7858080,2871795,2.736295592129661,0.36545759269439865,3.2634963989257812,4
0823.png,7858080,2923920,2.687515390297956,0.37209089243173904,0.3986241817474365,5
0823.png,7858080,2912349,2.6981931080375325,0.37061839533321117,0.12237668037414551,6
0823.png,7858080,2898856,2.71075210358845,0.3689013092256633,2.3050951957702637,7
0823.png,7858080,2865294,2.742503910593468,0.36463029136888403,5.816888332366943,8
0823.png,7858080,2812528,2.793956184613984,0.3579154195426873,51.500017166137695,9
0899.png,8298720,3481923,2.3833726363276844,0.4195735004916421,0.3977687358856201,1
0899.png,8298720,3343530,2.4820234901436504,0.4028970732835907,0.05321049690246582,2
0899.png,8298720,2781254,2.9838051468869797,0.33514252800431876,0.11967754364013672,3
0899.png,8298720,2719589,3.0514610847447905,0.3277118639983034,3.387084484100342,4
0899.png,8298720,2685571,3.090113797028639,0.3236126776177531,0.47012782096862793,5
0899.png,8298720,2643868,3.138855646348456,0.318587444810766,0.004482269287109375,6
0899.png,8298720,2602982,3.188158811701349,0.3136606609212023,2.6510112285614014,7
0899.png,8298720,2594879,3.198114440018205,0.3126842452812,7.952625274658203,8
0899.png,8298720,2554497,3.2486708733656764,0.3078181936491411,42.68240237236023,9
0876.png,8298720,4864878,1.7058433942228357,0.5862202845740065,0.4734799861907959,1
0876.png,8298720,4507789,1.8409734794596642,0.5431908776293212,0.08595418930053711,2
0876.png,8298720,4173010,1.988665256014244,0.5028498370833092,0.05350899696350098,3
0876.png,8298720,4108731,2.019776909220876,0.4951041847417433,5.169604539871216,4
0876.png,8298720,4064764,2.0416240647673516,0.4898061387780284,0.8253555297851562,5
0876.png,8298720,4018948,2.0648985754481024,0.48428528736961846,0.14443540573120117,6
0876.png,8298720,4005670,2.0717433038667687,0.48268528158559393,2.2140426635742188,7
0876.png,8298720,3977933,2.0861889830723643,0.4793429589141458,6.160511493682861,8
0876.png,8298720,3948794,2.10158342015309,0.4758316945263848,56.04021120071411,9
0897.png,8372160,5181510,1.6157760961572978,0.6188976321522761,0.5730414390563965,1
0897.png,8372160,4893895,1.710735518436746,0.5845438930932997,0.0758507251739502,2
0897.png,8372160,4447577,1.8824092309138212,0.5312341140159768,0.3171412944793701,3
0897.png,8372160,4374388,1.9139042992985533,0.5224921645071284,5.020668029785156,4
0897.png,8372160,4324904,1.9358025056741144,0.5165816229025724,0.17775940895080566,5
0897.png,8372160,4305222,1.9446523315173991,0.5142307361541107,0.20709443092346191,6
0897.png,8372160,4301636,1.9462734643284556,0.5138024118029278,1.9789838790893555,7
0897.png,8372160,4297063,1.9483447182412732,0.513256196728204,6.4494099617004395,8
0897.png,8372160,4275006,1.9583972513722787,0.5106216316936131,58.87354898452759,9
0886.png,8298720,3059190,2.7127180724309374,0.36863395800798193,0.5602273941040039,1
0886.png,8298720,2821333,2.9414181168972253,0.33997206798156826,0.04679417610168457,2
0886.png,8298720,2474507,3.353686209010522,0.298179357780477,0.305011510848999,3
0886.png,8298720,2358424,3.5187565933860916,0.2841912969710992,2.018120527267456,4
0886.png,8298720,2297641,3.6118436257013173,0.27686691441571715,0.3814074993133545,5
0886.png,8298720,2285317,3.631321169010689,0.27538186611911236,0.10051465034484863,6
0886.png,8298720,2254797,3.680473231071356,0.27170419052576783,2.3341667652130127,7
0886.png,8298720,2243515,3.698981286062273,0.27034470376154396,6.471654176712036,8
0886.png,8298720,2215898,3.74508212923158,0.2670168411514065,36.62260055541992,9
0807.png,6903360,5042515,1.3690311283159295,0.7304435810967413,0.396533727645874,1
0807.png,6903360,4972518,1.3883026667776768,0.7203040258656654,0.003160715103149414,2
0807.png,6903360,4636394,1.4889502488356252,0.6716141125480926,0.1160430908203125,3
0807.png,6903360,4626153,1.4922463653925844,0.6701306320400501,4.291401386260986,4
0807.png,6903360,4529528,1.524079330120048,0.6561338246882678,0.6015534400939941,5
0807.png,6903360,4479643,1.5410513739599339,0.648907633384323,0.4850914478302002,6
0807.png,6903360,4430149,1.5582681304850017,0.6417380811662726,1.6867239475250244,7
0807.png,6903360,4376413,1.5774014015587652,0.633954045566217,4.324763059616089,8
0807.png,6903360,4313340,1.6004673872219672,0.6248174801835628,72.02784705162048,9
0891.png,10208160,4708320,2.168110918544194,0.4612310151878497,1.07497239112854,1
0891.png,10208160,4596801,2.2207095760725775,0.4503065194902901,0.1004173755645752,2
0891.png,10208160,4143554,2.4636242221049853,0.40590605946615255,0.18140149116516113,3
0891.png,10208160,4081836,2.5008746064271077,0.3998601119104716,4.679415464401245,4
0891.png,10208160,4072209,2.5067868569614182,0.3989170428363192,0.04988908767700195,5
0891.png,10208160,4031282,2.5322366433308314,0.39490779925079544,0.2678663730621338,6
0891.png,10208160,4018698,2.540165994060763,0.3936750599520384,3.5669562816619873,7
0891.png,10208160,4008255,2.546784074366526,0.3926520548267268,8.779127597808838,8
0891.png,10208160,3990009,2.558430319330107,0.3908646612122067,79.31331467628479,9
0861.png,8298720,3948726,2.1016196109833905,0.47582350049164207,0.4501371383666992,1
0861.png,8298720,3599309,2.3056425552793605,0.4337185734667515,0.013959884643554688,2
0861.png,8298720,3242869,2.559067295040287,0.3907673713536545,0.12109112739562988,3
0861.png,8298720,3151084,2.633607990139266,0.3797072319586635,4.192110300064087,4
0861.png,8298720,3156036,2.6294757094025543,0.3803039504887501,0.756955623626709,5
0861.png,8298720,3142742,2.640598560110884,0.3787020166965508,0.06376361846923828,6
0861.png,8298720,3123642,2.656744915070293,0.37640045693793744,2.198697805404663,7
0861.png,8298720,3113961,2.665004475007876,0.37523389149169994,6.545453786849976,8
0861.png,8298720,3090915,2.6848748671509894,0.3724568367169877,50.60856652259827,9
0844.png,8298720,1934060,4.29082861958781,0.23305521815412497,0.42202281951904297,1
0844.png,8298720,1827015,4.542228717334012,0.22015624096246167,0.09742593765258789,2
0844.png,8298720,1590920,5.216302516782742,0.19170667283629284,0.05538439750671387,3
0844.png,8298720,1502715,5.522484303410827,0.18107792527040315,1.73311185836792,4
0844.png,8298720,1537083,5.399005779128388,0.18521928682977615,0.547271728515625,5
0844.png,8298720,1531265,5.419519155730719,0.184518214857231,0.031766653060913086,6
0844.png,8298720,1503522,5.519520166648709,0.18117516918271734,1.4742004871368408,7
0844.png,8298720,1494943,5.551194928502291,0.18014139529951606,6.5031514167785645,8
0844.png,8298720,1471611,5.6392076438678425,0.17732987737868008,28.679124355316162,9
0880.png,8298720,2975945,2.7885999237217085,0.35860289297626624,0.7671587467193604,1
0880.png,8298720,2783696,2.981187600944931,0.3354367902519907,0.030149459838867188,2
0880.png,8298720,2388866,3.473916075661004,0.28785957352459174,0.24581003189086914,3
0880.png,8298720,2275241,3.6474026267986557,0.2741677029710606,2.2334096431732178,4
0880.png,8298720,2309413,3.5934326168597823,0.27828544643029285,0.1999516487121582,5
0880.png,8298720,2300703,3.6070366318468747,0.2772358869801608,0.07578611373901367,6
0880.png,8298720,2278819,3.641675797858452,0.2745988537991401,2.2406744956970215,7
0880.png,8298720,2267116,3.660474364787686,0.273188636319818,7.092941999435425,8
0880.png,8298720,2243280,3.699368781427196,0.27031638614147724,37.37967491149902,9
0813.png,8959680,3200543,2.799424972574966,0.3572162175434837,0.45599865913391113,1
0813.png,8959680,2886717,3.1037611237956475,0.3221897433836923,1.0967254638671875e-05,2
0813.png,8959680,2452330,3.6535376560250863,0.2737073199042823,0.1272134780883789,3
0813.png,8959680,2357099,3.8011470880094556,0.2630784804814458,2.9562087059020996,4
0813.png,8959680,2314778,3.8706433187113407,0.2583549858923533,0.7588479518890381,5
0813.png,8959680,2302419,3.891420284492093,0.25697558394942677,0.1401834487915039,6
0813.png,8959680,2272579,3.9425164097705734,0.25364510786099503,2.358828544616699,7
0813.png,8959680,2263455,3.9584087158790435,0.2526267679202829,5.705332517623901,8
0813.png,8959680,2238579,4.002396162922997,0.2498503294760527,41.06845998764038,9
0818.png,9400320,3833270,2.4522979075306464,0.4077807989515251,0.46007251739501953,1
0818.png,9400320,3657704,2.570005664755814,0.389104200708061,0.0845184326171875,2
0818.png,9400320,3110228,3.022389355378448,0.3308640556917211,0.11465144157409668,3
0818.png,9400320,3011444,3.1215323944260627,0.3203554772603486,3.6841931343078613,4
0818.png,9400320,3017498,3.115269670435573,0.32099949788943355,0.6802985668182373,5
0818.png,9400320,2991450,3.142395828110114,0.3182285283905229,0.03396415710449219,6
0818.png,9400320,2978421,3.1561421303435613,0.316842511744281,2.435858964920044,7
0818.png,9400320,2958263,3.1776485052208003,0.31469811665985836,8.334385871887207,8
0818.png,9400320,2939072,3.1983973172484377,0.31265659041394334,52.18471956253052,9
0836.png,9400320,3869571,2.4292925494841677,0.411642476000817,0.5048270225524902,1
0836.png,9400320,3545689,2.6511969887939975,0.3771881170002723,0.01429128646850586,2
0836.png,9400320,3136361,2.9972059976514185,0.33364406743600217,0.11715912818908691,3
0836.png,9400320,3054788,3.0772413666676703,0.3249663841230937,3.7326159477233887,4
0836.png,9400320,3086232,3.045888967517672,0.3283113766339869,0.7256693840026855,5
0836.png,9400320,3075445,3.056572300919054,0.3271638625068083,0.20753788948059082,6
0836.png,9400320,3052234,3.079816291935677,0.32469469124455336,2.676255941390991,7
0836.png,9400320,3035623,3.096669118661968,0.3229276237404684,7.177595138549805,8
0836.png,9400320,3014366,3.1185065118170785,0.32066631774237475,51.889569997787476,9
0819.png,8298720,4014133,2.0673754457064577,0.48370507740952823,0.7194766998291016,1
0819.png,8298720,3883266,2.1370464964285216,0.46793553704667706,0.02839040756225586,2
0819.png,8298720,3428988,2.4201659498370947,0.4131948059459772,0.0827934741973877,3
0819.png,8298720,3382170,2.453667320093313,0.40755321302562325,3.5688254833221436,4
0819.png,8298720,3380939,2.4545607004444623,0.40740487689667804,0.5005841255187988,5
0819.png,8298720,3371475,2.4614508486641604,0.4062644600613107,0.2140820026397705,6
0819.png,8298720,3363521,2.467271647776244,0.40530599899743575,2.305488109588623,7
0819.png,8298720,3344325,2.481433473122379,0.40299287118977384,7.380056142807007,8
0819.png,8298720,3327230,2.4941828487961457,0.40093291495555944,41.930039405822754,9
0869.png,8298720,3520540,2.357229288688667,0.4242268687219234,0.5119595527648926,1
0869.png,8298720,3308498,2.508304372558182,0.3986756993849654,0.050553321838378906,2
0869.png,8298720,2796515,2.967522076584606,0.33698148630150193,0.21533536911010742,3
0869.png,8298720,2716117,3.0553617535621624,0.3272934862243816,2.443148136138916,4
0869.png,8298720,2748258,3.019629161454274,0.33116649314593094,0.6887764930725098,5
0869.png,8298720,2739978,3.0287542454720437,0.3301687489154954,4.5299530029296875e-06,6
0869.png,8298720,2716314,3.05514016420782,0.3273172248250333,2.3993988037109375,7
0869.png,8298720,2701624,3.0717523978170167,0.32554707231958663,6.916403293609619,8
0869.png,8298720,2669856,3.108302470245586,0.32171901208861126,41.83163928985596,9
0809.png,8298720,3361046,2.4690884920944254,0.4050077602329034,0.7405805587768555,1
0809.png,8298720,3214434,2.5817048973474024,0.3873409393255827,4.5299530029296875e-06,2
0809.png,8298720,2851713,2.910082466222933,0.3436328735033837,0.14168930053710938,3
0809.png,8298720,2789931,2.9745251764290943,0.3361881109375904,2.9603257179260254,4
0809.png,8298720,2773341,2.9923186510421904,0.33418900746139163,0.12051725387573242,5
0809.png,8298720,2761120,3.0055629599582776,0.33271637071741184,0.05313873291015625,6
0809.png,8298720,2736052,3.0331002480947,0.32969566390961497,2.7132720947265625,7
0809.png,8298720,2733044,3.0364384912939566,0.3293331983727611,7.813075304031372,8
0809.png,8298720,2728435,3.0415677851955425,0.32877781151792085,34.99852108955383,9
0820.png,8298720,3865562,2.146834017925466,0.46580219600131106,0.5321972370147705,1
0820.png,8298720,3682699,2.253434233968076,0.44376711107255096,0.25870490074157715,2
0820.png,8298720,3391739,2.4467448704042383,0.4087062824146374,0.10492706298828125,3
0820.png,8298720,3319474,2.5000105438391746,0.3999983129928471,3.9519762992858887,4
0820.png,8298720,3319722,2.4998237804249874,0.4000281971195558,0.5298993587493896,5
0820.png,8298720,3309669,2.507416904832477,0.39881680548325527,0.17658758163452148,6
0820.png,8298720,3291790,2.521035667524356,0.3966623768484778,2.7725400924682617,7
0820.png,8298720,3277988,2.53165051244849,0.3949992287967301,7.6662633419036865,8
0820.png,8298720,3243399,2.55864912087597,0.3908312366244433,44.20426106452942,9
0884.png,8298720,4260983,1.9476069254441992,0.5134506285306649,0.4498405456542969,1
0884.png,8298720,4079699,2.034150068424166,0.491605813908651,0.024440765380859375,2
0884.png,8298720,3769362,2.201624572009799,0.4542100468505986,0.12983059883117676,3
0884.png,8298720,3740383,2.2186818836466746,0.4507180625445852,4.67901349067688,4
0884.png,8298720,3611082,2.298125603351018,0.4351372259818382,3.814697265625e-06,5
0884.png,8298720,3586603,2.313810589016961,0.43218749397497447,0.14652371406555176,6
0884.png,8298720,3578160,2.3192702394526794,0.4311701081612586,2.5406713485717773,7
0884.png,8298720,3566730,2.326702609953655,0.42979278732141823,7.02385401725769,8
0884.png,8298720,3550840,2.3371145982359103,0.427878034202865,60.0632541179657,9
0895.png,7858080,4982021,1.5772876107908818,0.6339997811170158,0.6487326622009277,1
0895.png,7858080,4616720,1.702091528184512,0.587512471239794,0.12315607070922852,2
0895.png,7858080,4333393,1.8133781081014346,0.5514569716775599,0.03303122520446777,3
0895.png,7858080,4290032,1.8317066166406217,0.5459389570989351,4.695579528808594,4
0895.png,7858080,4279279,1.836309340895978,0.544570556675422,0.1307964324951172,5
0895.png,7858080,4273492,1.838796001022115,0.5438341172398347,0.2681717872619629,6
0895.png,7858080,4269542,1.8404971774490098,0.5433314499216093,2.076793670654297,7
0895.png,7858080,4255791,1.846444057050734,0.5415815313664406,5.13157844543457,8
0895.png,7858080,4257935,1.8455143162119665,0.5418543715513204,55.98992586135864,9
0815.png,8298720,3634257,2.283470871762784,0.4379298253224594,0.37750887870788574,1
0815.png,8298720,3507628,2.365906532847839,0.42267096612489635,0.029940128326416016,2
0815.png,8298720,3194489,2.597823939916525,0.38493755663524015,0.08485150337219238,3
0815.png,8298720,3138857,2.6438668598155317,0.3782338722116182,3.460343599319458,4
0815.png,8298720,3124782,2.6557756669105235,0.37653782752038867,0.7151684761047363,5
0815.png,8298720,3111078,2.6674741038315335,0.3748864885187113,0.2532203197479248,6
0815.png,8298720,3096072,2.680402781330667,0.3730782578518133,2.7805583477020264,7
0815.png,8298720,3091208,2.6846203814172322,0.3724921433666879,7.40436577796936,8
0815.png,8298720,3068437,2.704543062151838,0.3697482262324792,37.57271766662598,9
0888.png,8298720,3547426,2.339363809139359,0.42746664545857677,0.5661604404449463,1
0888.png,8298720,3342296,2.482939871274118,0.4027483756531128,0.0489192008972168,2
0888.png,8298720,3020407,2.747550247367325,0.36396058669288756,0.05040431022644043,3
0888.png,8298720,2962060,2.80167180948394,0.3569297433821119,3.686692237854004,4
0888.png,8298720,2943797,2.819053080086704,0.3547290425511404,0.5581550598144531,5
0888.png,8298720,2908576,2.85319001463259,0.3504848940559508,0.06179237365722656,6
0888.png,8298720,2877337,2.8841668528921014,0.34672057859525324,2.454676628112793,7
0888.png,8298720,2866266,2.8953069952335198,0.3453865174388339,7.343216180801392,8
0888.png,8298720,2861905,2.8997188935342018,0.34486101471070235,42.488510608673096,9
0889.png,8298720,3932691,2.1101886723365757,0.47389127479900517,0.51454758644104,1
0889.png,8298720,3865382,2.146933989965287,0.46578050590934506,0.029413461685180664,2
0889.png,8298720,3385896,2.45096718859646,0.40800219792931924,0.07712340354919434,3
0889.png,8298720,3344569,2.481252442392428,0.40302227331443885,3.8040497303009033,4
0889.png,8298720,3313025,2.5048769628964465,0.39922120519791005,0.6203374862670898,5
0889.png,8298720,3294961,2.518609476713078,0.397044483968612,0.19495439529418945,6
0889.png,8298720,3263260,2.543076555346494,0.3932244972718684,2.5347578525543213,7
0889.png,8298720,3247022,2.55579420157917,0.3912678099755143,7.2826128005981445,8
0889.png,8298720,3232267,2.5674611658009687,0.38948982493685774,44.922887563705444,9
0830.png,4993920,2527770,1.975622782136033,0.5061695021145713,0.3857541084289551,1
0830.png,4993920,2397347,2.083102696439022,0.4800531446238626,0.08302569389343262,2
0830.png,4993920,2237507,2.231912570552852,0.4480462242086377,0.12277364730834961,3
0830.png,4993920,2173382,2.2977644979115497,0.4352056100217865,2.0517473220825195,4
0830.png,4993920,2171948,2.299281566593675,0.43491846084839164,0.3463740348815918,5
0830.png,4993920,2164156,2.307560083469029,0.43335816352684864,0.17423367500305176,6
0830.png,4993920,2156853,2.3153733703687736,0.43189578527489425,1.086493730545044,7
0830.png,4993920,2129029,2.3456326804378897,0.4263242102396514,3.884770154953003,8
0830.png,4993920,2115347,2.3608041612085393,0.423584478726131,28.06315302848816,9
0854.png,6536160,3220596,2.0294877097282615,0.49273518396122495,0.3182356357574463,1
0854.png,6536160,2999545,2.179050489324214,0.45891547942522826,0.021318912506103516,2
0854.png,6536160,2708063,2.41359229825894,0.4143201818804925,0.16875648498535156,3
0854.png,6536160,2655638,2.4612390694816084,0.40629941739492303,2.8395488262176514,4
0854.png,6536160,2645684,2.4704991223441652,0.4047765048591222,0.348438024520874,5
0854.png,6536160,2638208,2.4774998787055456,0.403632714009449,0.2649693489074707,6
0854.png,6536160,2630822,2.4844554287595284,0.4025026927125407,1.7288758754730225,7
0854.png,6536160,2627113,2.4879630225270097,0.401935234143595,5.539835214614868,8
0854.png,6536160,2616071,2.4984643000897147,0.4002458630143693,38.96167516708374,9
0812.png,9400320,4061517,2.314484957221649,0.43206156811683005,0.7224178314208984,1
0812.png,9400320,3853698,2.4392985646514074,0.4099539164624183,0.02656245231628418,2
0812.png,9400320,3586113,2.62131170992102,0.38148839613970587,0.3324141502380371,3
0812.png,9400320,3499432,2.686241652931104,0.37226732706971677,3.2947399616241455,4
0812.png,9400320,3504827,2.682106705980067,0.37284124370234206,0.24031472206115723,5
0812.png,9400320,3484492,2.69775909946127,0.37067801947167756,6.198883056640625e-06,6
0812.png,9400320,3471568,2.707802353288197,0.3693031726579521,3.0000972747802734,7
0812.png,9400320,3447985,2.7263227653252553,0.36679442827478215,9.055516004562378,8
0812.png,9400320,3426094,2.743742582661188,0.3644656777641612,43.86731433868408,9
0892.png,7858080,3454234,2.274912469740035,0.4395773522285342,0.4111640453338623,1
0892.png,7858080,3281173,2.39489962888272,0.4175540335552705,0.04995226860046387,2
0892.png,7858080,2890959,2.7181568469148125,0.3678963563618594,0.12319827079772949,3
0892.png,7858080,2768149,2.83874892572618,0.35226785677926414,2.978334426879883,4
0892.png,7858080,2704836,2.9051964703220454,0.34421079958463136,0.49567556381225586,5
0892.png,7858080,2672953,2.9398496718797524,0.3401534471524851,0.06522727012634277,6
0892.png,7858080,2628847,2.9891735806610273,0.3345406256999165,2.561704635620117,7
0892.png,7858080,2593053,3.030435552223576,0.3299855689939527,7.230895757675171,8
0892.png,7858080,2548545,3.0833593285580596,0.3243215900067192,43.21351885795593,9
0814.png,8298720,2538654,3.268944881815324,0.3059091040546012,0.37108707427978516,1
0814.png,8298720,2356550,3.5215548153020304,0.283965479013631,0.05361819267272949,2
0814.png,8298720,1908852,4.347492629077582,0.230017641274799,0.10266852378845215,3
0814.png,8298720,1798500,4.614245204336948,0.2167201688935161,1.9737632274627686,4
0814.png,8298720,2054422,4.03944272403625,0.24755890064973876,0.9707529544830322,5
0814.png,8298720,2050813,4.046551294535386,0.24712401430582065,0.14004921913146973,6
0814.png,8298720,2040053,4.067894314510457,0.24582742880829814,1.1639721393585205,7
0814.png,8298720,1987467,4.175525933260778,0.2394907889409451,4.619498014450073,8
0814.png,8298720,1944369,4.268078744312422,0.23429745792122159,38.062928199768066,9
0802.png,8298720,3593938,2.309088248044346,0.43307136522258854,0.41213464736938477,1
0802.png,8298720,3515314,2.3607336357434927,0.42359713305184415,0.02290821075439453,2
0802.png,8298720,3163752,2.6230627432238682,0.3812337324310255,0.13525629043579102,3
0802.png,8298720,3136046,2.646236694232164,0.37789514527541596,3.4516336917877197,4
0802.png,8298720,3130263,2.651125480510743,0.37719829082075307,0.823434591293335,5
0802.png,8298720,3119127,2.660590607564232,0.37585639713112384,0.1054542064666748,6
0802.png,8298720,3060071,2.711937075969806,0.3687401189581044,2.7585198879241943,7
0802.png,8298720,3048555,2.7221814925431884,0.3673524350743247,7.526465892791748,8
0802.png,8298720,3028867,2.739875999837563,0.3649800210152891,37.87481951713562,9
0859.png,8298720,4442372,1.868083087143535,0.5353080957063258,0.7041399478912354,1
0859.png,8298720,4188729,1.9812024124740464,0.5047439846144948,0.060222625732421875,2
0859.png,8298720,3878356,2.1397519980115285,0.46734387953804923,0.5831301212310791,3
0859.png,8298720,3814014,2.1758493807311665,0.4595906356642952,3.39184308052063,4
0859.png,8298720,3803785,2.1817005955909705,0.4583580359380724,0.5971469879150391,5
0859.png,8298720,3794008,2.187322746815505,0.45717990244278633,2.86102294921875e-06,6
0859.png,8298720,3780357,2.195221244977657,0.4555349499681879,2.705310583114624,7
0859.png,8298720,3755964,2.209478046115458,0.4525955810052635,6.352924346923828,8
0859.png,8298720,3729235,2.225314307089792,0.4493747228488249,43.942172050476074,9
0872.png,8298720,4421912,1.8767266286619906,0.5328426552528582,0.46727490425109863,1
0872.png,8298720,4087896,2.0300712151189755,0.49259355659667997,0.02248406410217285,2
0872.png,8298720,3587669,2.3131230891144083,0.4323159475196175,0.0745856761932373,3
0872.png,8298720,3544253,2.341458129540978,0.4270842973374207,4.5328145027160645,4
0872.png,8298720,3501154,2.3702813415233948,0.4218908458171863,0.27757930755615234,5
0872.png,8298720,3496871,2.373184484071617,0.42137474212890663,0.5458788871765137,6
0872.png,8298720,3489642,2.3781006762298253,0.4205036439354503,1.97452974319458,7
0872.png,8298720,3485051,2.3812334453642143,0.4199504260898066,6.373972654342651,8
0872.png,8298720,3465474,2.3946854023432294,0.4175913875874834,52.83493971824646,9
0871.png,8298720,3150487,2.6341070444029766,0.37963529315364297,0.5194149017333984,1
0871.png,8298720,3043081,2.727078247342085,0.3666928152775368,0.17061328887939453,2
0871.png,8298720,2609081,3.180706156688888,0.3143955935373166,0.06635022163391113,3
0871.png,8298720,2536851,3.271268198250508,0.3056918416334085,2.940406560897827,4
0871.png,8298720,2480868,3.3450872839667407,0.2989458615304529,0.24130797386169434,5
0871.png,8298720,2473599,3.3549172683203703,0.29806994331655967,0.2015705108642578,6
0871.png,8298720,2458111,3.3760558412537107,0.29620363140339717,2.5740394592285156,7
0871.png,8298720,2451092,3.385723587690711,0.29535783831723444,7.3229286670684814,8
0871.png,8298720,2450380,3.3867073678368254,0.2952720419534579,45.20237946510315,9
0898.png,8298720,3283015,2.527774012607314,0.39560498486513584,0.6519978046417236,1
0898.png,8298720,3070863,2.7024064570773754,0.3700405604719764,3.5762786865234375e-06,2
0898.png,8298720,2860481,2.9011624268785563,0.3446894219831492,0.22700738906860352,3
0898.png,8298720,2765222,3.001104432121544,0.33321066381321457,2.076103925704956,4
0898.png,8298720,2764550,3.0018339331898503,0.33312968746987487,0.6126096248626709,5
0898.png,8298720,2732319,3.0372441870806446,0.32924583550234254,0.15406537055969238,6
0898.png,8298720,2711268,3.0608261521915208,0.32670917924692,2.584951400756836,7
0898.png,8298720,2709694,3.0626041169224276,0.3265195114427285,7.286696910858154,8
0898.png,8298720,2668346,3.11006143880891,0.32153705631711876,34.16895604133606,9
0828.png,8298720,4555617,1.8216456739010325,0.5489541760657065,0.3943183422088623,1
0828.png,8298720,4218552,1.967196327080951,0.5083376713517266,0.04973721504211426,2
0828.png,8298720,3505992,2.3670105351067545,0.4224738272890277,0.08337712287902832,3
0828.png,8298720,3331916,2.4906750350248927,0.4014975803497407,3.3330790996551514,4
0828.png,8298720,3165078,2.6219638189011456,0.3813935161085083,0.7639114856719971,5
0828.png,8298720,3143553,2.6399173164886993,0.37879974261090865,0.0013267993927001953,6
0828.png,8298720,3055166,2.716291029685457,0.3681490639520312,2.300960063934326,7
0828.png,8298720,3001263,2.765075903044818,0.36165372491179365,7.284050941467285,8
0828.png,8298720,2808237,2.955135196922482,0.33839399329053155,57.635013818740845,9
0894.png,8298720,2648753,3.1330667676450012,0.31917608980662077,0.3999941349029541,1
0894.png,8298720,2427421,3.4187394770004875,0.2925054707231959,0.05235147476196289,2
0894.png,8298720,2034928,4.078139373972936,0.24520986368982203,0.06853556632995605,3
0894.png,8298720,1946785,4.262781971301402,0.23458858715560954,1.9117228984832764,4
0894.png,8298720,1911814,4.340756998327243,0.23037456378815047,0.7069787979125977,5
0894.png,8298720,1906248,4.353431452780541,0.2297038579443577,0.020459890365600586,6
0894.png,8298720,1870831,4.435846957849212,0.2254360913490273,1.715489387512207,7
0894.png,8298720,1864520,4.450861347692704,0.22467561262459754,7.217901706695557,8
0894.png,8298720,1852089,4.480734997076274,0.22317767077332407,36.95877814292908,9
0810.png,9400320,3968155,2.3689397213566505,0.42212977856072986,0.5411527156829834,1
0810.png,9400320,3788876,2.481031313772211,0.40305819376361657,0.1946115493774414,2
0810.png,9400320,3227857,2.9122479713320635,0.34337735311138345,0.16606545448303223,3
0810.png,9400320,3140570,2.993189134456484,0.33409181815087147,3.1165499687194824,4
0810.png,9400320,3032257,3.1001066202501963,0.32256955082380173,0.332960844039917,5
0810.png,9400320,2995898,3.137730323262007,0.31870170377178647,3.0994415283203125e-06,6
0810.png,9400320,2960717,3.1750147008309137,0.31495917160266884,2.6966943740844727,7
0810.png,9400320,2947107,3.1896771986901054,0.3135113485498366,8.108095407485962,8
0810.png,9400320,2935050,3.2027801911381406,0.3122287326388889,40.19593334197998,9
0804.png,7344000,3538535,2.075435173030647,0.4818266612200436,0.4038546085357666,1
0804.png,7344000,3361796,2.1845465935470205,0.45776089324618735,0.0006327629089355469,2
0804.png,7344000,3059288,2.400558561338455,0.4165697167755991,0.045766592025756836,3
0804.png,7344000,2985264,2.4600839322753365,0.4064901960784314,3.862062931060791,4
0804.png,7344000,2953199,2.486794828252346,0.4021240468409586,0.30469346046447754,5
0804.png,7344000,2928011,2.5081872984766793,0.3986943082788671,0.16126275062561035,6
0804.png,7344000,2919280,2.5156887999780766,0.3975054466230937,2.0705151557922363,7
0804.png,7344000,2909969,2.52373822539003,0.39623760893246185,5.199251651763916,8
0804.png,7344000,2886195,2.544526617224408,0.393000408496732,49.04335689544678,9
0864.png,8298720,3153142,2.6318890807962343,0.3799552220101413,0.885300874710083,1
0864.png,8298720,2834389,2.9278691104149783,0.341545322652168,5.7220458984375e-06,2
0864.png,8298720,2643602,3.139171478913997,0.3185553916748607,0.265277624130249,3
0864.png,8298720,2559961,3.2417368858353703,0.3084766084408198,2.858022689819336,4
0864.png,8298720,2531422,3.278283905251673,0.30503764435961206,0.15737628936767578,5
0864.png,8298720,2523539,3.288524568076816,0.3040877388320126,0.07997393608093262,6
0864.png,8298720,2506716,3.310594419152389,0.30206055873676907,2.607309103012085,7
0864.png,8298720,2507636,3.309379830246495,0.30217141920681745,6.9541051387786865,8
0864.png,8298720,2499822,3.3197243643747436,0.30122982821447164,38.50017476081848,9
0867.png,8298720,3591015,2.310967790443649,0.4327191422291631,0.6329164505004883,1
0867.png,8298720,3517665,2.359155860492685,0.42388042975302215,0.0009407997131347656,2
0867.png,8298720,3141710,2.641465953254756,0.37857766016927913,0.22251582145690918,3
0867.png,8298720,3097776,2.678928366673381,0.3732835907224247,3.1288344860076904,4
0867.png,8298720,3089913,2.685745520990397,0.3723360952050437,0.22493767738342285,5
0867.png,8298720,3077275,2.6967755562957487,0.37081320974800935,0.09464788436889648,6
0867.png,8298720,3060641,2.711432017018657,0.36880880424933,2.7097506523132324,7
0867.png,8298720,3057340,2.714359541300608,0.3684110320627759,7.685719728469849,8
0867.png,8298720,3050668,2.7202960138566374,0.36760705265390325,50.48516654968262,9
0877.png,7050240,1925509,3.661494181538492,0.2731125465232389,0.2900533676147461,1
0877.png,7050240,1688466,4.175529741197039,0.23949057053376907,0.04261612892150879,2
0877.png,7050240,1441963,4.889334885846585,0.20452679625090778,0.013114213943481445,3
0877.png,7050240,1398511,5.041247441028351,0.1983636018064633,1.6928081512451172,4
0877.png,7050240,1397759,5.04395965255813,0.19825693877087872,0.6454646587371826,5
0877.png,7050240,1375426,5.125859188353281,0.19508924518881626,0.025166988372802734,6
0877.png,7050240,1355404,5.201578274816955,0.19224934186637618,1.4607691764831543,7
0877.png,7050240,1350388,5.220899474817608,0.19153787672476397,5.090615749359131,8
0877.png,7050240,1350606,5.220056774514552,0.19156879765795207,23.248914003372192,9
0900.png,7050240,3672397,1.91979244074102,0.5208896434731299,0.3106837272644043,1
0900.png,7050240,3446368,2.0457014456958746,0.488829883805374,0.041657209396362305,2
0900.png,7050240,3241412,2.1750521069213047,0.45975910039941903,0.05912637710571289,3
0900.png,7050240,3199514,2.203534661826765,0.453816323983297,3.3979077339172363,4
0900.png,7050240,3186400,2.2126035651518956,0.45195624546114743,0.5941591262817383,5
0900.png,7050240,3166551,2.2264729037997495,0.4491408803104575,0.2398512363433838,6
0900.png,7050240,3005806,2.34554059709775,0.42634094725853305,1.4308197498321533,7
0900.png,7050240,2986962,2.360338029074357,0.4236681304466231,5.045640707015991,8
0900.png,7050240,2946147,2.3930374146300237,0.4178789658224401,40.12089800834656,9
0842.png,8298720,3292607,2.5204101187903687,0.39676082576590127,0.3774130344390869,1
0842.png,8298720,3128020,2.653026515175734,0.37692800817475464,5.7220458984375e-06,2
0842.png,8298720,2654771,3.125964537054232,0.3199012618813504,0.14682531356811523,3
0842.png,8298720,2568927,3.230422662847173,0.30955701602174795,2.4228882789611816,4
0842.png,8298720,2527873,3.2828864424755517,0.3046099880463493,0.48343539237976074,5
0842.png,8298720,2510118,3.306107521638425,0.30247050147492627,0.0847165584564209,6
0842.png,8298720,2487998,3.3355010735539175,0.29980503017332794,1.964216709136963,7
0842.png,8298720,2479057,3.347530936158386,0.29872763510517286,7.047722101211548,8
0842.png,8298720,2465617,3.3657782210294624,0.2971081082383789,33.810137033462524,9
0805.png,9400320,4443600,2.1154739400486093,0.4727073120915033,0.4738452434539795,1
0805.png,9400320,4093754,2.296259130372758,0.435490919458061,0.0970757007598877,2
0805.png,9400320,3810988,2.466635948473204,0.40541045411220045,0.04504251480102539,3
0805.png,9400320,3745007,2.5100941066331783,0.3983914377382898,3.7669641971588135,4
0805.png,9400320,3732252,2.518672372605065,0.3970345690359477,0.7066562175750732,5
0805.png,9400320,3708172,2.535028040770493,0.39447295411220046,3.337860107421875e-06,6
0805.png,9400320,3699697,2.5408351008204186,0.39357138905909583,2.6685094833374023,7
0805.png,9400320,3692968,2.5454647860474284,0.3928555623638344,7.022001266479492,8
0805.png,9400320,3669771,2.561554930811759,0.3903878804125817,39.10973405838013,9
0837.png,8298720,3567840,2.32597874344141,0.4299265428885419,0.46061062812805176,1
0837.png,8298720,3436023,2.4152108411381414,0.41404252704031463,5.7220458984375e-06,2
0837.png,8298720,2915024,2.8468787907063544,0.35126188135037695,0.0776834487915039,3
0837.png,8298720,2861409,2.9002215342161852,0.344801246457285,2.955143928527832,4
0837.png,8298720,2839278,2.922827563908853,0.3421344496500665,0.7869629859924316,5
0837.png,8298720,2833613,2.9286709229524286,0.34145181425569243,0.14354276657104492,6
0837.png,8298720,2818747,2.944116658926821,0.33966045366032355,2.4003517627716064,7
0837.png,8298720,2810243,2.953025770369324,0.3386357173154414,6.977248907089233,8
0837.png,8298720,2809563,2.9537404927385507,0.33855377696801436,54.548529386520386,9
0832.png,8298720,3444687,2.409136156637744,0.4150865434669443,0.40567636489868164,1
0832.png,8298720,3298298,2.516061314047427,0.3974465941735593,0.06458759307861328,2
0832.png,8298720,2877118,2.8843863894355395,0.3466941889833613,0.12700700759887695,3
0832.png,8298720,2830465,2.9319281460820044,0.34107247864730944,3.4390158653259277,4
0832.png,8298720,2816566,2.9463964274226133,0.33939764204600226,0.5279636383056641,5
0832.png,8298720,2809123,2.954203144540129,0.33850075674320856,0.24436092376708984,6
0832.png,8298720,2796571,2.9674626533708603,0.33698823433011355,2.8005564212799072,7
0832.png,8298720,2792727,2.971547165190153,0.33652503036612874,7.784071207046509,8
0832.png,8298720,2774314,2.9912691930329443,0.3343062544585189,37.58209538459778,9
0839.png,8298720,3318492,2.5007503408174556,0.39987998149112153,0.4001293182373047,1
0839.png,8298720,2569173,3.2301133477582087,0.3095866591474348,0.001264333724975586,2
0839.png,8298720,2419226,3.4303202759890974,0.2915179690361887,0.1103353500366211,3
0839.png,8298720,2375643,3.4932521426830547,0.2862661952686679,2.6486172676086426,4
0839.png,8298720,2369383,3.502481447701786,0.28551186207029516,1.6219348907470703,5
0839.png,8298720,2364696,3.509423621471851,0.284947076175603,0.3415510654449463,6
0839.png,8298720,2340233,3.546108443048192,0.281999272176914,1.8593237400054932,7
0839.png,8298720,2333371,3.556536873047621,0.28117239767096613,4.7802894115448,8
0839.png,8298720,2312908,3.5880026356430954,0.27870659571596584,33.47162365913391,9
0862.png,8298720,3248991,2.554245302618567,0.39150507548152,0.5774867534637451,1
0862.png,8298720,2831729,2.930619420149315,0.34122479129311506,0.11677980422973633,2
0862.png,8298720,2596376,3.1962704939500286,0.31286463454605046,0.16332387924194336,3
0862.png,8298720,2474891,3.353165856597321,0.2982256299766711,2.6600425243377686,4
0862.png,8298720,2474128,3.3541999443844457,0.2981336880868375,3.5762786865234375e-06,5
0862.png,8298720,2466655,3.3643618584682495,0.29723318776871616,0.10103726387023926,6
0862.png,8298720,2444606,3.394706549848933,0.2945762720033933,3.388025999069214,7
0862.png,8298720,2438489,3.403222241314191,0.2938391703780824,7.08666729927063,8
0862.png,8298720,2408229,3.445984580370056,0.29019282491757764,31.965259075164795,9
0825.png,8298720,3451480,2.4043946365037607,0.4159051034376386,0.49775004386901855,1
0825.png,8298720,3276831,2.532544400367306,0.39485980970559315,0.059818267822265625,2
0825.png,8298720,2902601,2.8590633021900014,0.34976490350319084,0.16733646392822266,3
0825.png,8298720,2837437,2.9247239674396295,0.3419126082094588,4.337647199630737,4
0825.png,8298720,2814932,2.948106739345746,0.3392007442111555,0.9675369262695312,5
0825.png,8298720,2806423,2.9570453206804532,0.33817540536371876,0.05795860290527344,6
0825.png,8298720,2798394,2.965529514428633,0.3372079067615247,4.0765440464019775,7
0825.png,8298720,2789234,2.9752684787292853,0.3361041220814776,8.305051565170288,8
0825.png,8298720,2781336,2.983717177644125,0.33515240904621435,51.46123552322388,9
0817.png,9400320,4106965,2.288872683356201,0.43689629714733114,0.6078763008117676,1
0817.png,9400320,3937052,2.3876545191681493,0.4188210614106754,0.052559614181518555,2
0817.png,9400320,3405215,2.7605657792532923,0.36224458316312635,0.14658117294311523,3
0817.png,9400320,3299309,2.8491784188749825,0.3509783709490741,3.9503519535064697,4
0817.png,9400320,3348703,2.807152500535282,0.35623287292347494,0.6808176040649414,5
0817.png,9400320,3334004,2.8195287108233824,0.35466920275054464,0.09871673583984375,6
0817.png,9400320,3320101,2.831335552743727,0.35319021054602395,3.046074390411377,7
0817.png,9400320,3296419,2.851676319060168,0.35067093460648147,8.434505939483643,8
0817.png,9400320,3249524,2.8928298421553436,0.3456822746459695,48.56904077529907,9
0838.png,8298720,3060250,2.711778449473082,0.36876168854955943,0.4501669406890869,1
0838.png,8298720,2899468,2.8621526431745408,0.3493873754024717,0.07616019248962402,2
0838.png,8298720,2755853,3.011307206879322,0.3320816945263848,0.09988999366760254,3
0838.png,8298720,2666173,3.1125962193751118,0.3212752087068849,3.416800022125244,4
0838.png,8298720,2621836,3.165232302859523,0.31593257755412885,0.47419047355651855,5
0838.png,8298720,2611159,3.1781749024092365,0.31464599359901285,2.86102294921875e-06,6
0838.png,8298720,2600889,3.190724402310133,0.3134084533518422,2.6868340969085693,7
0838.png,8298720,2603600,3.1874020586879706,0.3137351302369522,8.29652738571167,8
0838.png,8298720,2570336,3.2286518182836796,0.30972680124163726,30.710939407348633,9
0896.png,8298720,2937542,2.8250557779258987,0.35397531185532227,0.6847753524780273,1
0896.png,8298720,2749728,3.0180148727437768,0.33134362889698654,4.5299530029296875e-06,2
0896.png,8298720,2617857,3.1700432834948584,0.31545310602116955,0.29681873321533203,3
0896.png,8298720,2521150,3.2916407195129205,0.3037998631114196,2.7344367504119873,4
0896.png,8298720,2523423,3.2886757392636907,0.30407376077274567,4.291534423828125e-06,5
0896.png,8298720,2513516,3.301638024186041,0.3028799622110398,0.13737082481384277,6
0896.png,8298720,2492538,3.329425669739037,0.30035210249291455,2.598550319671631,7
0896.png,8298720,2491010,3.331467958779772,0.3001679777122255,8.33375072479248,8
0896.png,8298720,2458942,3.3749149024255147,0.2963037673279735,29.974448204040527,9
0879.png,11456640,4424967,2.5890904949121656,0.3862360168426345,0.8348407745361328,1
0879.png,11456640,4269664,2.683265006333051,0.3726802971901011,0.019386768341064453,2
0879.png,11456640,3940290,2.9075626413284303,0.3439306812468577,0.2524561882019043,3
0879.png,11456640,3857177,2.9702137081082873,0.3366761109714541,3.6924843788146973,4
0879.png,11456640,3861384,2.966977643249156,0.3370433216021451,0.42817044258117676,5
0879.png,11456640,3849873,2.975848813714115,0.33603857675548854,0.2406148910522461,6
0879.png,11456640,3843461,2.980813386684553,0.3354789013183621,3.845759868621826,7
0879.png,11456640,3836932,2.9858855981810466,0.33490901346293506,13.04053258895874,8
0879.png,11456640,3814193,3.003686494102422,0.3329242256019217,54.892232179641724,9
0829.png,8298720,4540423,1.8277416002870217,0.5471232913027552,0.6019418239593506,1
0829.png,8298720,4350021,1.9077425143464826,0.5241797530221528,0.03780508041381836,2
0829.png,8298720,3829372,2.167122964287617,0.46144128251103783,0.36287569999694824,3
0829.png,8298720,3794205,2.187209178207292,0.457203641043438,5.979748725891113,4
0829.png,8298720,3740363,2.2186937471042247,0.45071565253436674,3.0994415283203125e-06,5
0829.png,8298720,3724729,2.2280063865048976,0.4488317475466096,0.5400996208190918,6
0829.png,8298720,3712357,2.2354315600573975,0.44734091522548053,2.78529953956604,7
0829.png,8298720,3705071,2.239827522873381,0.44646294850290164,7.831027984619141,8
0829.png,8298720,3674979,2.2581680058579927,0.44283684712823185,47.37491416931152,9
0850.png,8298720,2998051,2.768038302217007,0.3612666772707116,0.8203408718109131,1
0850.png,8298720,2790164,2.9742767808630606,0.33621618755663524,0.1454615592956543,2
0850.png,8298720,2389862,3.472468284779623,0.28797959203347023,0.3302748203277588,3
0850.png,8298720,2302797,3.60375664897948,0.2774882150500318,4.830286264419556,4
0850.png,8298720,2282321,3.636087999891339,0.27502084658838954,0.3221769332885742,5
0850.png,8298720,2275178,3.6475036238922844,0.2741601114388725,0.5749540328979492,6
0850.png,8298720,2262595,3.667788534846051,0.27264385350993886,2.6126370429992676,7
0850.png,8298720,2246779,3.6936076044862447,0.2707380174291939,7.048609256744385,8
0850.png,8298720,2235676,3.7119511056163774,0.2694001002564251,49.9851348400116,9
0808.png,8298720,3764340,2.204561755845646,0.4536048932847475,0.4755244255065918,1
0808.png,8298720,3619285,2.29291697116972,0.4361256916729327,0.05205869674682617,2
0808.png,8298720,3211047,2.584428069723053,0.38693280409508934,0.11880207061767578,3
0808.png,8298720,3114007,2.6649651076571117,0.37523943451520236,3.729792833328247,4
0808.png,8298720,3110432,2.6680281067067213,0.3748086451886556,0.3440432548522949,5
0808.png,8298720,3098861,2.677990397116876,0.3734143337767752,0.18175268173217773,6
0808.png,8298720,3053202,2.718038308634673,0.36791240094858,2.8684194087982178,7
0808.png,8298720,3022236,2.745887481983538,0.3641809821273642,7.717097043991089,8
0808.png,8298720,2995359,2.770526003727767,0.36094228989530913,47.26667499542236,9
0853.png,8298720,3161988,2.624526089283071,0.3810211695297588,0.5988240242004395,1
0853.png,8298720,3066897,2.7059011111230666,0.3695626554456591,0.12463617324829102,2
0853.png,8298720,2747532,3.0204270596302427,0.33107900977500143,0.285045862197876,3
0853.png,8298720,2692442,3.0822279551425806,0.3244406366282993,2.7824606895446777,4
0853.png,8298720,2697445,3.0765112912404144,0.3250435006844429,0.07158303260803223,5
0853.png,8298720,2690192,3.084805842854339,0.32416951047872444,0.19428157806396484,6
0853.png,8298720,2677012,3.0999935749260743,0.3225813137447703,2.9554829597473145,7
0853.png,8298720,2665688,3.113162530648748,0.32121676595908766,10.583457708358765,8
0853.png,8298720,2654795,3.1259362775656876,0.3199041538936125,32.43316435813904,9
0811.png,8298720,3822402,2.171074627943372,0.46060139394991034,0.6380212306976318,1
0811.png,8298720,3576916,2.3200768483240872,0.43102020552567144,0.09357833862304688,2
0811.png,8298720,3317639,2.501393310122048,0.3997771945553049,0.31597471237182617,3
0811.png,8298720,3246970,2.555835132446558,0.39126154394894636,3.3318653106689453,4
0811.png,8298720,3236244,2.5643060288408415,0.3899690554687952,0.600348711013794,5
0811.png,8298720,3222865,2.5749511692236564,0.3883568791331675,0.13507437705993652,6
0811.png,8298720,3213763,2.5822439302462565,0.387260083482754,2.671311378479004,7
0811.png,8298720,3196558,2.596142475750479,0.3851868721923381,6.845369100570679,8
0811.png,8298720,3181181,2.6086915519739367,0.38333393583588793,41.10269117355347,9
0856.png,8298720,5244962,1.5822269065057097,0.6320206007673472,0.7056972980499268,1
0856.png,8298720,5114616,1.6225499626951465,0.6163138411706865,0.1190938949584961,2
0856.png,8298720,4631632,1.7917485672436844,0.558114022403455,0.11318564414978027,3
0856.png,8298720,4595016,1.8060263555121463,0.5537017756955289,5.928410291671753,4
0856.png,8298720,4444402,1.8672298320448961,0.5355527117434978,0.0414128303527832,5
0856.png,8298720,4436880,1.870395412992914,0.5346463069003412,0.27415037155151367,6
0856.png,8298720,4423568,1.8760240602156448,0.5330422040989454,2.192589282989502,7
0856.png,8298720,4404258,1.8842492878482595,0.5307153392330384,5.4068763256073,8
0856.png,8298720,4381404,1.8940777887636018,0.5279614205564231,60.97655534744263,9
0831.png,8298720,3157437,2.628308973385692,0.380472771704552,0.3998241424560547,1
0831.png,8298720,2996960,2.7690459665794673,0.36113521121329556,0.03277778625488281,2
0831.png,8298720,2708215,3.064276654549214,0.3263412911870746,0.16338682174682617,3
0831.png,8298720,2631751,3.1533074367597846,0.3171273401199221,3.015510082244873,4
0831.png,8298720,2616719,3.1714219218800337,0.31531597643974013,0.4823265075683594,5
0831.png,8298720,2607862,3.1821929227850245,0.31424870341450245,0.13655853271484375,6
0831.png,8298720,2593076,3.2003381312387296,0.31246698286000735,2.977952241897583,7
0831.png,8298720,2592552,3.200984975421901,0.3124038405922841,8.253108739852905,8
0831.png,8298720,2573937,3.2241348564475354,0.310160723581468,43.99833559989929,9
0816.png,8298720,3357402,2.4717683494559184,0.404568656371103,0.4120175838470459,1
0816.png,8298720,3095838,2.6806053805140966,0.3730500607322575,0.06293034553527832,2
0816.png,8298720,2923327,2.8387929232685907,0.3522623970925637,0.11277151107788086,3
0816.png,8298720,2852576,2.9092020685864286,0.3437368654443095,4.497815370559692,4
0816.png,8298720,2865697,2.8958818744619546,0.3453179526481192,0.7859959602355957,5
0816.png,8298720,2845853,2.91607472346604,0.34292674050937977,3.814697265625e-06,6
0816.png,8298720,2839732,2.922360279068588,0.34218915688202517,3.087799549102783,7
0816.png,8298720,2836502,2.9256880481663683,0.3417999402317466,8.556666135787964,8
0816.png,8298720,2815294,2.9477276618356734,0.3392443653961093,36.036919593811035,9
0878.png,10648800,4277689,2.489381532879085,0.40170620163774323,0.691439151763916,1
0878.png,10648800,4019430,2.6493308752733595,0.3774537976109984,3.5762786865234375e-06,2
0878.png,10648800,3668530,2.9027430605719458,0.34450172789422284,0.3362722396850586,3
0878.png,10648800,3569350,2.9834003389972965,0.33518800240402674,3.9030606746673584,4
0878.png,10648800,3531208,3.015625247790558,0.33160619036886785,0.644524335861206,5
0878.png,10648800,3524061,3.0217411106107415,0.3309350349335136,0.17281579971313477,6
0878.png,10648800,3492869,3.0487258468611333,0.32800587859664937,3.8790321350097656,7
0878.png,10648800,3497782,3.044443593111292,0.32846724513560216,10.68903112411499,8
0878.png,10648800,3487726,3.0532214973309255,0.32752291337991135,54.58901596069336,9
0845.png,8298720,3947952,2.1020316356429865,0.47573023309618834,0.5404982566833496,1
0845.png,8298720,3479187,2.3852468981977686,0.419243811093759,0.15834808349609375,2
0845.png,8298720,3203413,2.590586977077261,0.38601290319470954,0.10935473442077637,3
0845.png,8298720,3062482,2.7098020494487804,0.3690306456899377,3.299698829650879,4
0845.png,8298720,3130857,2.650622497290678,0.37726986812424085,0.12192964553833008,5
0845.png,8298720,3126401,2.654400379221987,0.3767329178475717,0.1503908634185791,6
0845.png,8298720,3095596,2.6808149383834325,0.37302089960861434,1.900911569595337,7
0845.png,8298720,3064451,2.708060921842118,0.3692679111959435,5.05794620513916,8
0845.png,8298720,2948510,2.8145470084890336,0.3552969614591166,40.75321316719055,9
0806.png,8298720,3629398,2.2865279586311558,0.43734431333988855,0.37659573554992676,1
0806.png,8298720,3514492,2.3612857846880857,0.42349808163186614,0.07059359550476074,2
0806.png,8298720,2990586,2.774947786152948,0.36036714095667766,0.08046960830688477,3
0806.png,8298720,2912235,2.849605200129797,0.350925805425415,3.028329610824585,4
0806.png,8298720,2843679,2.918304070185137,0.34266477239863496,0.30026721954345703,5
0806.png,8298720,2825364,2.9372215403041873,0.3404578055410955,0.20032572746276855,6
0806.png,8298720,2781783,2.9832377291830454,0.3352062727745966,2.42354416847229,7
0806.png,8298720,2766237,3.0000032535173236,0.33333297183180055,9.05665898323059,8
0806.png,8298720,2746980,3.02103400825634,0.3310124934929724,51.897963762283325,9
0841.png,8298720,3432970,2.4173587301957196,0.4136746389804693,0.5197992324829102,1
0841.png,8298720,3185544,2.605118623381124,0.38385967956504136,4.0531158447265625e-06,2
0841.png,8298720,2857628,2.904058890800342,0.3443456340254883,0.320453405380249,3
0841.png,8298720,2795448,2.9686547558745504,0.33685291225634795,3.963994264602661,4
0841.png,8298720,2801612,2.9621232347662705,0.3375956774056722,0.6320209503173828,5
0841.png,8298720,2791221,2.973150459959996,0.33634355659667997,0.32561826705932617,6
0841.png,8298720,2775693,2.9897830920062125,0.3344724246630806,2.369025945663452,7
0841.png,8298720,2761259,3.0054116618542484,0.33273312028843,7.088846683502197,8
0841.png,8298720,2745909,3.0222123165771335,0.33088343744577475,43.79930758476257,9
0821.png,8298720,3785766,2.192084772275941,0.45618673723176584,0.3804192543029785,1
0821.png,8298720,3655834,2.2699936594495265,0.44052986484662693,0.03806948661804199,2
0821.png,8298720,3111180,2.6673866507241626,0.3748987795708254,0.10654616355895996,3
0821.png,8298720,3045057,2.7253085902825465,0.366930924287119,3.4324090480804443,4
0821.png,8298720,3026910,2.7416474226191068,0.3647442015154144,0.6942548751831055,5
0821.png,8298720,3017701,2.7500140007243927,0.36363451231033217,3.814697265625e-06,6
0821.png,8298720,2966038,2.7979142546386795,0.3574090944145603,2.6807193756103516,7
0821.png,8298720,2943982,2.8188759306272932,0.35475133514566104,7.9036664962768555,8
0821.png,8298720,2903965,2.8577203926355863,0.3499292662000887,48.125715017318726,9
0883.png,8445600,5005926,1.6871204248724412,0.5927259164535379,0.4517207145690918,1
0883.png,8445600,4971281,1.6988780155456913,0.5886237804300464,0.029105186462402344,2
0883.png,8445600,4651510,1.8156684603494349,0.5507613431846169,0.303253173828125,3
0883.png,8445600,4605537,1.8337926717340454,0.5453179170218813,4.81102442741394,4
0883.png,8445600,4615075,1.8300027626853301,0.5464472624798712,0.668710470199585,5
0883.png,8445600,4607891,1.832855855314286,0.5455966420384579,0.25177907943725586,6
0883.png,8445600,4594496,1.838199445597515,0.5440106090745477,1.7564165592193604,7
0883.png,8445600,4574104,1.8463943976787585,0.5415960973761486,4.1126484870910645,8
0883.png,8445600,4539862,1.860320864378697,0.5375416785071516,50.27270269393921,9
0803.png,9400320,2984494,3.149719852008414,0.3174885535811547,0.6698458194732666,1
0803.png,9400320,2972796,3.1621140502072795,0.31624412785947714,0.029071331024169922,2
0803.png,9400320,2571098,3.6561500183968096,0.27351175279139434,0.33512282371520996,3
0803.png,9400320,2514301,3.7387409065183523,0.26746972443491285,2.78082275390625,4
0803.png,9400320,2514065,3.7390918691441946,0.26744461890659044,0.0810539722442627,5
0803.png,9400320,2503126,3.7554322075676576,0.2662809351171024,0.1972334384918213,6
0803.png,9400320,2470166,3.805541813789033,0.2627746715005447,2.97117018699646,7
0803.png,9400320,2480291,3.790006898384101,0.2638517624931917,10.480716466903687,8
0803.png,9400320,2465540,3.8126820088094293,0.26228256059368193,45.42338943481445,9
0870.png,9620640,4820460,1.9957929326246873,0.5010539839345407,0.6808383464813232,1
0870.png,9620640,4722154,2.0373414335915347,0.4908357448153137,0.2100973129272461,2
0870.png,9620640,4389765,2.191607067804313,0.45628617222970613,0.23755335807800293,3
0870.png,9620640,4352486,2.210378160894716,0.45241127409403115,5.432333707809448,4
0870.png,9620640,4348117,2.2125991549905395,0.45195714630211714,0.2714664936065674,5
0870.png,9620640,4342287,2.2155698137870665,0.4513511575113506,0.18838977813720703,6
0870.png,9620640,4326476,2.22366655911185,0.44970771175306423,2.840372085571289,7
0870.png,9620640,4319292,2.2273650403816183,0.448960983884648,8.191624879837036,8
0870.png,9620640,4291732,2.241668398679135,0.4460963096010245,55.135005712509155,9
0885.png,8298720,5058576,1.6405249224287626,0.6095609925386084,0.8028898239135742,1
0885.png,8298720,4823602,1.7204404509327262,0.5812465054851833,5.245208740234375e-06,2
0885.png,8298720,4643145,1.7873058024248651,0.5595013447857019,0.40528225898742676,3
0885.png,8298720,4581718,1.8112681749509683,0.552099359901286,5.8761982917785645,4
0885.png,8298720,4510776,1.8397544014599705,0.5435508126554457,0.5932202339172363,5
0885.png,8298720,4499266,1.8444608520589802,0.5421638517747315,0.4267897605895996,6
0885.png,8298720,4480156,1.852328356423303,0.5398610870110089,1.873553991317749,7
0885.png,8298720,4448280,1.8656019854865251,0.536020012724854,4.973979949951172,8
0885.png,8298720,4410914,1.8814059852447815,0.5315173906337363,56.05504751205444,9
0822.png,9767520,4470942,2.1846671238410162,0.4577356381148951,0.9562551975250244,1
0822.png,9767520,4303752,2.269535976980086,0.4406187036217996,0.08766484260559082,2
0822.png,9767520,3854853,2.5338242469946324,0.39466036414565825,0.35860657691955566,3
0822.png,9767520,3812361,2.5620658694179275,0.39031002751977983,5.028995752334595,4
0822.png,9767520,3811392,2.5627172434638053,0.3902108211705735,0.9376888275146484,5
0822.png,9767520,3801301,2.569520277399764,0.3891777032450407,0.0477139949798584,6
0822.png,9767520,3795442,2.5734868297289224,0.3885778580438023,3.347888708114624,7
0822.png,9767520,3776043,2.5867078314521312,0.3865917858371419,8.868134260177612,8
0822.png,9767520,3764117,2.5949033996552178,0.3853708003669304,52.14673686027527,9
0826.png,9400320,4224960,2.224948875255624,0.4494485294117647,0.7359397411346436,1
0826.png,9400320,3980103,2.36182832454336,0.423400799121732,0.10829949378967285,2
0826.png,9400320,3491495,2.6923481202178436,0.3714229941108388,0.2920677661895752,3
0826.png,9400320,3396864,2.7673524756952297,0.3613562091503268,3.94941782951355,4
0826.png,9400320,3391948,2.771363240238353,0.36083324822984747,0.5354249477386475,5
0826.png,9400320,3377068,2.7835743905660175,0.3592503233932462,0.13300180435180664,6
0826.png,9400320,3352584,2.803902899972081,0.35664573120915033,2.898268222808838,7
0826.png,9400320,3336389,2.817513185662703,0.35492291751770155,8.61188554763794,8
0826.png,9400320,3315241,2.835486168275549,0.3526732068695534,63.532958030700684,9
0852.png,7050240,3214178,2.1934815060024677,0.4558962531771968,0.3279139995574951,1
0852.png,7050240,2795900,2.5216352516184415,0.39656806009440815,0.0695035457611084,2
0852.png,7050240,2551873,2.7627707178217724,0.36195547952977486,0.07353377342224121,3
0852.png,7050240,2486459,2.835453952789891,0.35267721382534495,3.222611427307129,4
0852.png,7050240,2484055,2.83819802701631,0.35233623252541757,0.7322878837585449,5
0852.png,7050240,2452337,2.874906670657418,0.3478373785856935,0.21138548851013184,6
0852.png,7050240,2316336,3.0437035041548377,0.32854711328976033,1.1748805046081543,7
0852.png,7050240,2300062,3.065239110945705,0.3262388230755265,5.92379355430603,8
0852.png,7050240,2271440,3.1038636283591026,0.32217910312273057,32.51703977584839,9
0873.png,8298720,3732118,2.223595288251872,0.4497221258218135,0.5282113552093506,1
0873.png,8298720,3495047,2.374423004898074,0.4211549491969846,0.018616437911987305,2
0873.png,8298720,3112863,2.665944501894237,0.37510158193070736,0.17997407913208008,3
0873.png,8298720,3010573,2.756525086752588,0.362775584668479,3.9166483879089355,4
0873.png,8298720,2999307,2.7668791490834383,0.3614180259124299,0.5297009944915771,5
0873.png,8298720,2992427,2.773240583646652,0.3605889823972854,0.2069242000579834,6
0873.png,8298720,2983844,2.78121778484398,0.3595547265120404,2.61897873878479,7
0873.png,8298720,2972702,2.7916420818501146,0.35821210981934565,7.302990198135376,8
0873.png,8298720,2969617,2.7945421918045326,0.35784036574315076,63.37873315811157,9
0887.png,8298720,4301299,1.9293520399302628,0.518308727129003,0.5955033302307129,1
0887.png,8298720,3914505,2.1199921829196793,0.4716998525073746,3.5762786865234375e-06,2
0887.png,8298720,3574118,2.3218931216037078,0.4306830450961112,0.16430926322937012,3
0887.png,8298720,3479953,2.3847218626228575,0.4193361144851254,3.100260019302368,4
0887.png,8298720,3371824,2.461196076663551,0.4063065147396225,0.09013104438781738,5
0887.png,8298720,3332710,2.490081645267665,0.4015932577554129,0.2212355136871338,6
0887.png,8298720,3321409,2.498554077501446,0.40023148148148147,2.0300915241241455,7
0887.png,8298720,3270542,2.5374142879070196,0.39410198199240365,6.934705495834351,8
0887.png,8298720,3241358,2.560260236604534,0.39058529508165113,48.610801219940186,9
0858.png,8298720,4365109,1.901148402021576,0.5259978647309465,0.38673877716064453,1
0858.png,8298720,4162910,1.993490130701841,0.5016327819229953,0.08321690559387207,2
0858.png,8298720,3876937,2.1405351699034574,0.4671728893130507,0.11505699157714844,3
0858.png,8298720,3832975,2.165085866722324,0.4618754458518904,5.093759059906006,4
0858.png,8298720,3839195,2.1615781433347356,0.4626249590298263,0.6375129222869873,5
0858.png,8298720,3830363,2.1665622814339005,0.4615606985173617,0.4521763324737549,6
0858.png,8298720,3743730,2.216698319590355,0.4511213777546417,1.7838475704193115,7
0858.png,8298720,3724173,2.2283390164742616,0.4487647492625369,6.564419269561768,8
0858.png,8298720,3704143,2.240388667500148,0.44635112402876587,40.62062907218933,9
0846.png,8372160,3093006,2.7068036725437974,0.3694394278179108,0.4352705478668213,1
0846.png,8372160,2682690,3.1208078458562114,0.32042985322784084,0.03807520866394043,2
0846.png,8372160,2400223,3.4880758996143273,0.28669100924970375,0.12564349174499512,3
0846.png,8372160,2289506,3.656753902370206,0.2734665844895463,2.9165151119232178,4
0846.png,8372160,2286025,3.6623221530823153,0.2730508017046975,0.7770481109619141,5
0846.png,8372160,2266262,3.694259533981508,0.2706902400336353,0.1643364429473877,6
0846.png,8372160,2232895,3.749464260522774,0.26670476913962465,2.1308810710906982,7
0846.png,8372160,2215065,3.779645292576064,0.26457509173259947,5.963329076766968,8
0846.png,8372160,2170779,3.8567537275789014,0.2592854173833276,44.74756073951721,9
0890.png,8372160,3923223,2.134000539862251,0.468603442839124,0.7278437614440918,1
0890.png,8372160,3550524,2.358006874478246,0.4240869739708749,0.05768704414367676,2
0890.png,8372160,3121880,2.6817686778479635,0.3728882391163093,0.24948644638061523,3
0890.png,8372160,3007246,2.783995722331994,0.3591959542101441,3.3331782817840576,4
0890.png,8372160,3135891,2.6697866730699507,0.3745617618392386,0.23140835762023926,5
0890.png,8372160,3131269,2.67372748875935,0.3740096940335588,0.09415411949157715,6
0890.png,8372160,3121974,2.6816879320583706,0.37289946680426556,1.9774303436279297,7
0890.png,8372160,3099478,2.701151613271654,0.37021246607804914,5.561192750930786,8
0890.png,8372160,3049232,2.745661858461409,0.36421090853495397,55.182398080825806,9
0860.png,9400320,5386059,1.7453057978013238,0.5729654947916667,0.761756420135498,1
0860.png,9400320,5056449,1.8590754104313125,0.5379017948325163,0.047187089920043945,2
0860.png,9400320,4493656,2.091909127000376,0.47803223720043575,0.13370656967163086,3
0860.png,9400320,4441642,2.1164065001186496,0.47249902130991284,5.562241077423096,4
0860.png,9400320,4286805,2.1928499196954374,0.4560275607638889,0.6050353050231934,5
0860.png,9400320,4240505,2.2167925754125983,0.4511021965209695,0.09783625602722168,6
0860.png,9400320,4227053,2.2238472051332216,0.4496711814065904,2.8484714031219482,7
0860.png,9400320,4213014,2.2312577171592594,0.4481777216094771,7.874133825302124,8
0860.png,9400320,4189678,2.2436855529231603,0.4456952529275599,74.36644983291626,9
0881.png,7711200,3049239,2.528893274682634,0.39542989417989416,0.5546457767486572,1
0881.png,7711200,2844156,2.7112436870551404,0.3688344226579521,0.007837533950805664,2
0881.png,7711200,2458946,3.13597777259037,0.31887981118373276,0.15544772148132324,3
0881.png,7711200,2370238,3.2533441789389927,0.30737602448386764,2.303583860397339,4
0881.png,7711200,2357611,3.2707685873538934,0.3057385361552028,0.7731692790985107,5
0881.png,7711200,2346952,3.285623225357826,0.3043562610229277,3.0994415283203125e-06,6
0881.png,7711200,2329481,3.310265247924323,0.30209059549745826,1.8612453937530518,7
0881.png,7711200,2328378,3.3118333878777415,0.30194755680049795,7.055468559265137,8
0881.png,7711200,2320506,3.3230683307864752,0.3009267040149393,37.90398359298706,9
0848.png,9400320,4718091,1.9923990444440347,0.501907488255719,0.7016761302947998,1
0848.png,9400320,4454307,2.110388888776638,0.473846315870098,0.22194361686706543,2
0848.png,9400320,3938387,2.38684517290962,0.41896307785266884,0.04972386360168457,3
0848.png,9400320,3883013,2.4208829586715264,0.4130724273216231,4.594299554824829,4
0848.png,9400320,3797058,2.4756851225343413,0.4039285896650327,0.5194582939147949,5
0848.png,9400320,3781972,2.4855604430704403,0.4023237506808279,0.26806068420410156,6
0848.png,9400320,3753637,2.5043231404635025,0.3993094915917756,2.534348249435425,7
0848.png,9400320,3743441,2.511144158542902,0.39822484766476035,6.973348379135132,8
0848.png,9400320,3706484,2.536182538492005,0.3942933857570806,55.71141457557678,9
0835.png,9914400,5843954,1.6965225941203508,0.5894410150891632,0.8889729976654053,1
0835.png,9914400,5589105,1.7738797177723447,0.5637360808520939,0.06736111640930176,2
0835.png,9914400,5182595,1.9130184781948039,0.5227341039296377,0.3329732418060303,3
0835.png,9914400,5144466,1.927197108504556,0.5188882837085451,5.637143611907959,4
0835.png,9914400,5039806,1.9672185794453199,0.5083319212458646,0.33447933197021484,5
0835.png,9914400,4967012,1.9960491337649275,0.5009896715888001,0.051982879638671875,6
0835.png,9914400,4959714,1.998986231867402,0.5002535705640281,2.8276588916778564,7
0835.png,9914400,4943005,2.0057434698123915,0.49856824417009604,6.413899660110474,8
0835.png,9914400,4906922,2.02049268360084,0.4949287904462196,62.873087644577026,9
0827.png,9400320,3054782,3.0772474107808674,0.32496574584694987,0.6909172534942627,1
0827.png,9400320,2759677,3.4063116806785723,0.29357266561138345,4.0531158447265625e-06,2
0827.png,9400320,2586754,3.634021634836556,0.27517722800925926,0.2602565288543701,3
0827.png,9400320,2456221,3.8271474757361004,0.2612912113630174,2.385565996170044,4
0827.png,9400320,2432555,3.8643812781211526,0.2587736374931917,0.38553452491760254,5
0827.png,9400320,2425606,3.875452155049089,0.25803440733932465,0.16974496841430664,6
0827.png,9400320,2385001,3.9414323096719874,0.25371487353622,2.4126205444335938,7
0827.png,9400320,2373569,3.9604157283820274,0.25249874472358386,8.786715030670166,8
0827.png,9400320,2354062,3.9932338230683815,0.2504236026007625,38.17949151992798,9
0847.png,8298720,3792121,2.188411182027156,0.45695251797867625,0.43396925926208496,1
0847.png,8298720,3624879,2.2893784868405263,0.4367997715310313,0.030635833740234375,2
0847.png,8298720,3136101,2.646190285325632,0.37790177280351667,0.15250110626220703,3
0847.png,8298720,3112829,2.6659736207803255,0.37509748491333605,3.5823581218719482,4
0847.png,8298720,3111647,2.6669863258910795,0.374955053309426,0.6707894802093506,5
0847.png,8298720,3099065,2.677814114902398,0.3734389158810033,0.2998390197753906,6
0847.png,8298720,3085109,2.689927649233787,0.3717572107505736,2.0694117546081543,7
0847.png,8298720,3079481,2.694843709053571,0.3710790338751036,6.953797817230225,8
0847.png,8298720,3062098,2.7101418700511872,0.36898437349374363,46.20527935028076,9
0840.png,8298720,3483920,2.3820064754644195,0.41981414001195366,0.6776237487792969,1
0840.png,8298720,3109191,2.6690930213036124,0.3746591040546012,3.337860107421875e-06,2
0840.png,8298720,2905827,2.85588921845657,0.35015363815142575,0.11687541007995605,3
0840.png,8298720,2862531,2.899084761003462,0.34493644803053963,2.8431813716888428,4
0840.png,8298720,2857111,2.9045843861159053,0.3442833352613415,0.3165581226348877,5
0840.png,8298720,2822350,2.9403582121281913,0.3400946170011761,0.09942126274108887,6
0840.png,8298720,2812392,2.9507693095414864,0.33889467291341313,2.6160919666290283,7
0840.png,8298720,2809826,2.953464022327361,0.33858546860238686,7.171186685562134,8
0840.png,8298720,2797718,2.966246061969076,0.3371264484161413,36.24271082878113,9
0834.png,8298720,3553294,2.335500524302239,0.428173742456668,0.35155510902404785,1
0834.png,8298720,3179549,2.6100305420674443,0.38313727900206296,0.060848236083984375,2
0834.png,8298720,2822550,2.9401498644842428,0.3401187171033605,0.09898138046264648,3
0834.png,8298720,2739519,3.0292617061608262,0.3301134391809821,2.485525608062744,4
0834.png,8298720,2681685,3.094591646669911,0.3231444126323096,0.7649250030517578,5
0834.png,8298720,2669104,3.109178211115041,0.3216283957043978,0.05821585655212402,6
0834.png,8298720,2598912,3.193151595744681,0.3131702238417491,2.335608720779419,7
0834.png,8298720,2587244,3.207552128828978,0.3117642238803093,6.083083152770996,8
0834.png,8298720,2565000,3.2353684210526317,0.3090838105153566,44.73143815994263,9
0824.png,8298720,2770852,2.995006590030792,0.3338890816897064,0.47148585319519043,1
0824.png,8298720,2573089,3.225197418355914,0.31005853914820597,6.67572021484375e-06,2
0824.png,8298720,2209970,3.755127897663769,0.2663025141226599,0.18220138549804688,3
0824.png,8298720,2084974,3.9802510726752467,0.25124043225943277,2.803673267364502,4
0824.png,8298720,2072011,4.005152482298598,0.24967838413634874,0.6223292350769043,5
0824.png,8298720,2066387,4.0160531400942805,0.2490006892629225,0.35285520553588867,6
0824.png,8298720,2055542,4.0372417591078165,0.24769386122197157,2.1831631660461426,7
0824.png,8298720,2040452,4.067098858488217,0.2458755085121561,6.664118528366089,8
0824.png,8298720,2013398,4.1217484074187025,0.2426154876896678,48.76590180397034,9
0866.png,8298720,4264940,1.9457999409135884,0.513927449052384,0.4695446491241455,1
0866.png,8298720,4100487,2.0238376563564278,0.494110778529701,0.08129429817199707,2
0866.png,8298720,3598733,2.3060115879672094,0.4336491651724603,0.3791494369506836,3
0866.png,8298720,3534388,2.3479934857180367,0.42589555979717353,3.427995443344116,4
0866.png,8298720,3510764,2.363793180059953,0.4230488557271483,0.6669363975524902,5
0866.png,8298720,3497443,2.3727963543651747,0.4214436684211541,0.3062095642089844,6
0866.png,8298720,3463574,2.3959990460720633,0.4173624366167313,2.4128286838531494,7
0866.png,8298720,3456961,2.4005824769212034,0.416565566738003,6.8762335777282715,8
0866.png,8298720,3437037,2.4144983018803696,0.4141647145583897,44.59805154800415,9
0843.png,8298720,1273058,6.518728918870939,0.1534041394335512,0.3544657230377197,1
0843.png,8298720,834995,9.938646339199636,0.10061732411745426,0.06337952613830566,2
0843.png,8298720,708216,11.717781015961233,0.08534038984325294,0.15488958358764648,3
0843.png,8298720,699686,11.860634627532923,0.08431252048508686,1.320427417755127,4
0843.png,8298720,696983,11.906631869069978,0.08398680760406424,0.5950479507446289,5
0843.png,8298720,694115,11.95582864510924,0.08364121213873947,0.03570556640625,6
0843.png,8298720,689177,12.04149296915016,0.0830461806158058,0.5565342903137207,7
0843.png,8298720,686875,12.081848953594177,0.08276878843966298,2.2777838706970215,8
0843.png,8298720,680969,12.18663404648376,0.08205711242215667,17.00678825378418,9
0874.png,8298720,3493647,2.375374501201753,0.4209862484816936,0.5798280239105225,1
0874.png,8298720,3225420,2.572911434789888,0.38866475793857364,0.09140992164611816,2
0874.png,8298720,3065560,2.707081251060165,0.36940154626255617,0.31561732292175293,3
0874.png,8298720,2982753,2.7822350694140616,0.3594232604546243,3.256342887878418,4
0874.png,8298720,2997558,2.7684935537527546,0.361207270518827,0.2747941017150879,5
0874.png,8298720,2988298,2.7770724338737303,0.36009143578768776,0.12868285179138184,6
0874.png,8298720,2983690,2.781361334454987,0.3595361694333584,2.7042508125305176,7
0874.png,8298720,2979138,2.785611139866633,0.3589876511076407,7.820077896118164,8
0874.png,8298720,2950936,2.812233135520391,0.35558929569861375,40.302854776382446,9
0882.png,8298720,3094552,2.6817193571153433,0.3728950970752116,0.7323155403137207,1
0882.png,8298720,3048158,2.722536036517792,0.3673045963714886,0.08172464370727539,2
0882.png,8298720,2751920,3.0156109189220617,0.33160776601692793,0.209977388381958,3
0882.png,8298720,2717759,3.053515782672415,0.3274913480633158,2.96374249458313,4
0882.png,8298720,2717128,3.0542249021761214,0.3274153122409239,0.11401820182800293,5
0882.png,8298720,2711072,3.0610474380614017,0.32668556114677927,0.07520461082458496,6
0882.png,8298720,2694407,3.07998012178561,0.32467742013226136,2.7447116374969482,7
0882.png,8298720,2690400,3.084567350579839,0.32419457458499623,9.577668190002441,8
0882.png,8298720,2645951,3.1363846118087597,0.3188384473750169,33.16861367225647,9
0833.png,9473760,2637541,3.5918910833992723,0.27840487831652905,1.5484819412231445,1
0833.png,9473760,2307801,4.1051026496652,0.24359926787252367,0.05689835548400879,2
0833.png,9473760,1964851,4.821617517053456,0.20739927969465133,0.12322664260864258,3
0833.png,9473760,1879596,5.040317174541763,0.19840021279829761,3.0549371242523193,4
0833.png,9473760,2133597,4.440276209612218,0.22521121497694685,0.8502817153930664,5
0833.png,9473760,2125081,4.458070068858552,0.2243123110570671,0.2225208282470703,6
0833.png,9473760,2102295,4.506389445819925,0.22190714140953538,2.2881600856781006,7
0833.png,9473760,2066911,4.583535527170739,0.2181721935113408,5.309071779251099,8
0833.png,9473760,1996363,4.745509709406556,0.21072551975139756,42.98638939857483,9
0857.png,8665920,3605524,2.4035119444496833,0.4160578449835678,0.7977814674377441,1
0857.png,8665920,3070709,2.8221234900474124,0.354343104944426,0.021398305892944336,2
0857.png,8665920,2873388,3.0159240589854206,0.33157333554890883,0.23082923889160156,3
0857.png,8665920,2756897,3.143360089259773,0.31813090820132195,3.412602424621582,4
0857.png,8665920,2694297,3.216393738329516,0.3109072089287693,0.0997614860534668,5
0857.png,8665920,2694447,3.2162146815283434,0.3109245181123297,0.11983323097229004,6
0857.png,8665920,2657091,3.2614313924513687,0.30661383903844025,2.86017107963562,7
0857.png,8665920,2647029,3.2738288851387725,0.3054527390052066,6.860814332962036,8
0857.png,8665920,2601410,3.3312395969877873,0.3001885547062516,40.2998104095459,9
0865.png,9400320,3469720,2.7092445499925066,0.3691065836056645,0.6289772987365723,1
0865.png,9400320,3175960,2.959835766193529,0.3378565836056645,0.127241849899292,2
0865.png,9400320,2764832,3.3999606486036043,0.2941210511982571,0.0508122444152832,3
0865.png,9400320,2638038,3.563375508616631,0.2806327869689543,3.4571826457977295,4
0865.png,9400320,2584903,3.63662388878809,0.27498031981889975,0.8255548477172852,5
0865.png,9400320,2575649,3.6496898451613555,0.2739958852464597,0.12028861045837402,6
0865.png,9400320,2550817,3.6852192846448806,0.27135427304602394,2.391331195831299,7
0865.png,9400320,2529010,3.7169959786635878,0.2690344584014161,7.05214524269104,8
0865.png,9400320,2521545,3.728000095179741,0.268240336499183,57.27159786224365,9
0875.png,9400320,4731557,1.9867286814889897,0.5033399926811002,0.5659666061401367,1
0875.png,9400320,4540598,2.0702823724980717,0.4830258969907407,0.050292253494262695,2
0875.png,9400320,4068434,2.310549956076466,0.4327973941312636,0.08312368392944336,3
0875.png,9400320,4023094,2.336589699370683,0.42797415407135075,5.396656036376953,4
0875.png,9400320,3974182,2.365347133070403,0.4227709269471678,0.8297855854034424,5
0875.png,9400320,3959027,2.374401589077316,0.4211587477873094,0.03254556655883789,6
0875.png,9400320,3954900,2.376879314268376,0.4207197201797386,3.0865838527679443,7
0875.png,9400320,3954522,2.3771065124937985,0.42067950878267973,10.579785585403442,8
0875.png,9400320,3949430,2.38017131586077,0.4201378250953159,67.02771663665771,9
0801.png,8298720,3826739,2.1686140601697685,0.4611240046657798,0.7483315467834473,1
0801.png,8298720,3653436,2.271483611591937,0.4402409046214356,4.291534423828125e-06,2
0801.png,8298720,3255013,2.5495197715032165,0.3922307295582933,0.23005914688110352,3
0801.png,8298720,3198139,2.5948590727294842,0.38537738350010603,3.9119136333465576,4
0801.png,8298720,3165636,2.621501650853099,0.38146075539360286,0.012733221054077148,5
0801.png,8298720,3148951,2.63539191305295,0.3794502043688665,0.001081705093383789,6
0801.png,8298720,3127054,2.6538460800485058,0.37681160468120384,2.7675371170043945,7
0801.png,8298720,3122264,2.657917459894487,0.3762344072338867,7.376134157180786,8
0801.png,8298720,3113526,2.6653768107284153,0.37518147376944877,39.202486991882324,9
0851.png,8225280,3687570,2.2305420642862375,0.44832151610644255,0.647162675857544,1
0851.png,8225280,3571151,2.30325740916584,0.4341677122237784,0.0010335445404052734,2
0851.png,8225280,3194866,2.574530512390817,0.38842033341114224,0.18628406524658203,3
0851.png,8225280,3115592,2.640037591571682,0.37878248521630875,3.4569196701049805,4
0851.png,8225280,2938434,2.7992052909815226,0.35724425186741365,0.49121809005737305,5
0851.png,8225280,2928822,2.808391906370548,0.35607565943043884,0.05226635932922363,6
0851.png,8225280,2911195,2.8253964437284345,0.35393263208061004,2.701449394226074,7
0851.png,8225280,2900170,2.8361371919577127,0.35259225217864926,8.27597951889038,8
0851.png,8225280,2853589,2.8824333146784626,0.3469291015017118,42.16859698295593,9
